,average_polarity,average_subjectivity,sentence_count
BJP,0.08477255286227901,0.39184166350322597,70
AAP,0.07237135935398735,0.3164517179138048,83
Congress,0.07998871775562577,0.40025505738101647,52
