,average_vader_compound,sentence_count
BJP,0.7055300000000001,70
AAP,0.5362783132530119,83
Congress,0.6848596153846155,52
