,average_polarity,average_subjectivity,sentence_count
BJP,0.09496078838928582,0.40548863300847193,66
AAP,0.09984618999553567,0.39998165500279886,64
Congress,0.08890577592371915,0.40156937443773916,49
