,average_vader_compound,sentence_count
BJP,0.7490712121212122,66
AAP,0.7016046874999999,64
Congress,0.7278428571428572,49
